{
  "libARDiscovery": 3.6551599502563477, 
  "ulog": 2.511324167251587, 
  "libARDataTransfer": 160.7236361503601, 
  "libARStream": 12.599846124649048, 
  "libARCommands": 8.329277038574219, 
  "mavlink.git": 22.473129987716675, 
  "Alchemy": 30.431312084197998, 
  "Samples": 3.6770098209381104, 
  "libpuf": 2.017277956008911, 
  "ARSDKTools": 82.18944501876831, 
  "libsdp": 4.3065831661224365, 
  "libmux": 4.349268913269043, 
  "arsdk_products": 2.6776740550994873, 
  "libARSAL": 4.141064882278442, 
  "libARNetwork": 6.22081995010376, 
  "dragon_build": 1.0095288753509521, 
  "libARUtils": 17.875461101531982, 
  "apps_tools": 1.2801291942596436, 
  "ARSDK3": 10.887397050857544, 
  "libfutils": 2.2054829597473145, 
  "libpomp": 4.2337658405303955, 
  "libARNetworkAL": 3.4660401344299316, 
  "libARUpdater": 119.45602893829346, 
  "libARController": 8.478813171386719, 
  "libARMedia": 73.59865403175354, 
  "libtar": 3.213484048843384, 
  "libARStream2": 3.973083019256592, 
  "ARSDKBuildUtils": 3.95381498336792, 
  "libARMavlink": 3.367727041244507, 
  "arsdk-xml": 3.1646389961242676, 
  "librtsp": 8.100684881210327
}